{"loss": [2.8263678143160296, 2.826294732626102, 2.826294732626102, 2.826294732626102, 2.826294732626102], "pixel_accuracy": [0.08955247249852732, 0.08957023900008448, 0.08957023900008448, 0.08957023900008448, 0.08957023900008448], "iou": [0.01005031302309372, 0.010052080970488412, 0.010052080970488412, 0.010052080970488412, 0.010052080970488412]}